{
  "total_docs_selected": 5345154,
  "total_tokens_selected": 6215300508,
  "target_tokens": 7000000000,
  "topic_threshold": 0.3,
  "group_distribution": {
    "mathematics": {
      "display_name": "Mathematics",
      "target_pct": 0.07,
      "actual_pct": 0.1525566275966137,
      "tokens": 948185285,
      "docs": 976895,
      "target_tokens": 490000000,
      "available_tokens": 1081225963,
      "selected_tokens": 490004450,
      "newly_selected": 524795,
      "status": "ok"
    },
    "computer_science": {
      "display_name": "Computer Science",
      "target_pct": 0.08,
      "actual_pct": 0.17059820609401177,
      "tokens": 1060319117,
      "docs": 1039217,
      "target_tokens": 560000000,
      "available_tokens": 1389104100,
      "selected_tokens": 560007263,
      "newly_selected": 320239,
      "status": "ok"
    },
    "ml_ai": {
      "display_name": "ML/AI",
      "target_pct": 0.05,
      "actual_pct": 0.04186371450022252,
      "tokens": 260195566,
      "docs": 236072,
      "target_tokens": 350000000,
      "available_tokens": 260195566,
      "selected_tokens": 260195566,
      "newly_selected": 74457,
      "status": "shortfall"
    },
    "physical_sciences": {
      "display_name": "Physical Sciences",
      "target_pct": 0.04,
      "actual_pct": 0.14290227445266432,
      "tokens": 888180579,
      "docs": 775290,
      "target_tokens": 280000000,
      "available_tokens": 2293057994,
      "selected_tokens": 280010172,
      "newly_selected": 143352,
      "status": "ok"
    },
    "life_sciences": {
      "display_name": "Life Sciences",
      "target_pct": 0.03,
      "actual_pct": 0.21340940672019393,
      "tokens": 1326403594,
      "docs": 1156234,
      "target_tokens": 210000000,
      "available_tokens": 4939002650,
      "selected_tokens": 210005947,
      "newly_selected": 42882,
      "status": "ok"
    },
    "engineering_tech": {
      "display_name": "Engineering/Tech",
      "target_pct": 0.05,
      "actual_pct": 0.23774214570929642,
      "tokens": 1477638879,
      "docs": 1330773,
      "target_tokens": 350000000,
      "available_tokens": 3038223327,
      "selected_tokens": 651505312,
      "newly_selected": 0,
      "status": "filled_by_overlap"
    },
    "environmental": {
      "display_name": "Environmental Sci",
      "target_pct": 0.02,
      "actual_pct": 0.19889458561317241,
      "tokens": 1236189619,
      "docs": 1121052,
      "target_tokens": 140000000,
      "available_tokens": 3015118309,
      "selected_tokens": 187817626,
      "newly_selected": 0,
      "status": "filled_by_overlap"
    },
    "medicine_health": {
      "display_name": "Medicine/Health",
      "target_pct": 0.04,
      "actual_pct": 0.2061839988831639,
      "tokens": 1281495513,
      "docs": 1138345,
      "target_tokens": 280000000,
      "available_tokens": 4219083696,
      "selected_tokens": 280007965,
      "newly_selected": 112861,
      "status": "ok"
    },
    "business_economics": {
      "display_name": "Business/Economics",
      "target_pct": 0.04,
      "actual_pct": 0.2355969815321438,
      "tokens": 1464306039,
      "docs": 1183003,
      "target_tokens": 280000000,
      "available_tokens": 2410803444,
      "selected_tokens": 280004604,
      "newly_selected": 3061,
      "status": "ok"
    },
    "law_government": {
      "display_name": "Law/Government",
      "target_pct": 0.03,
      "actual_pct": 0.3733169865259876,
      "tokens": 2320277256,
      "docs": 1763055,
      "target_tokens": 210000000,
      "available_tokens": 4388718272,
      "selected_tokens": 210650001,
      "newly_selected": 0,
      "status": "filled_by_overlap"
    },
    "general": {
      "display_name": "General Knowledge",
      "target_pct": 0.55,
      "actual_pct": 0.9270705797062323,
      "tokens": 5762022245,
      "docs": 4878183,
      "target_tokens": 5762019650,
      "available_tokens": 10997040777,
      "selected_tokens": 5762022245,
      "newly_selected": 4123507,
      "status": "ok"
    }
  },
  "label_distribution": {
    "Mathematics Statistics": {
      "docs": 976895,
      "pct": 18.276274172830192
    },
    "Computer Science Software Engineering": {
      "docs": 1039217,
      "pct": 19.442227483062226
    },
    "Machine Learning Ai": {
      "docs": 236072,
      "pct": 4.4165612440726685
    },
    "Physical Sciences": {
      "docs": 775290,
      "pct": 14.504540000157151
    },
    "Life Sciences Biology": {
      "docs": 1156234,
      "pct": 21.631444108064986
    },
    "Medicine Health": {
      "docs": 1138345,
      "pct": 21.296767127757217
    },
    "Engineering Technology": {
      "docs": 1330773,
      "pct": 24.89681307591886
    },
    "Business Economics": {
      "docs": 1183003,
      "pct": 22.13225287802746
    },
    "Law Government": {
      "docs": 1763055,
      "pct": 32.98417594703539
    },
    "Social Sciences": {
      "docs": 3279038,
      "pct": 61.34599676641683
    },
    "History Geography": {
      "docs": 1903184,
      "pct": 35.60578422997728
    },
    "Philosophy Ethics": {
      "docs": 949601,
      "pct": 17.765643422060432
    },
    "Education Pedagogy": {
      "docs": 2089635,
      "pct": 39.09400926521481
    },
    "Language Writing": {
      "docs": 670952,
      "pct": 12.55252888878412
    },
    "Arts Humanities": {
      "docs": 1445004,
      "pct": 27.033907722770945
    },
    "Environmental Science Energy": {
      "docs": 1121052,
      "pct": 20.97324043423258
    },
    "Personal Finance Practical Life": {
      "docs": 172881,
      "pct": 3.234350217037713
    }
  },
  "complexity_distribution": {
    "L1": {
      "range": "[1.0, 1.75)",
      "target_pct": 0.1,
      "actual_pct": 0.14834016007770778,
      "docs": 792901,
      "tokens": 626949089
    },
    "L2": {
      "range": "[1.75, 2.5)",
      "target_pct": 0.2,
      "actual_pct": 0.22342742603861368,
      "docs": 1194254,
      "tokens": 1246275241
    },
    "L3": {
      "range": "[2.5, 3.25)",
      "target_pct": 0.4,
      "actual_pct": 0.3911034181615721,
      "docs": 2090508,
      "tokens": 2477023272
    },
    "L4": {
      "range": "[3.25, 4.0)",
      "target_pct": 0.3,
      "actual_pct": 0.2371289957221064,
      "docs": 1267491,
      "tokens": 1865052906
    }
  },
  "multi_label_stats": {
    "mean_labels": 3.9718651698342087,
    "pct_1_label": 0.5239512275979327,
    "pct_2plus": 99.47604877240207,
    "pct_3plus": 90.05974383525714
  }
}